Country,Cases,Deaths,Date
Argentina,1,0,5/23/2009
Australia,12,0,5/23/2009
Austria,1,0,5/23/2009
Belgium,7,0,5/23/2009
Brazil,8,0,5/23/2009
Canada,719,1,5/23/2009
Chile,24,0,5/23/2009
China,11,0,5/23/2009
Colombia,12,0,5/23/2009
Costa Rica,20,1,5/23/2009
Cuba,4,0,5/23/2009
Denmark,1,0,5/23/2009
Ecuador,8,0,5/23/2009
El Salvador,6,0,5/23/2009
Finland,2,0,5/23/2009
France,16,0,5/23/2009
Germany,17,0,5/23/2009
Greece,1,0,5/23/2009
Guatemala,4,0,5/23/2009
India,1,0,5/23/2009
Ireland,1,0,5/23/2009
Israel,7,0,5/23/2009
Italy,14,0,5/23/2009
Japan,321,0,5/23/2009
"Korea, Republic of",3,0,5/23/2009
Malaysia,2,0,5/23/2009
Mexico,3892,75,5/23/2009
Netherlands,3,0,5/23/2009
New Zealand,9,0,5/23/2009
Norway,4,0,5/23/2009
Panama,76,0,5/23/2009
Peru,5,0,5/23/2009
Philippines,1,0,5/23/2009
Poland,2,0,5/23/2009
Portugal,1,0,5/23/2009
Russia,1,0,5/23/2009
Spain,126,0,5/23/2009
Sweden,3,0,5/23/2009
Switzerland,2,0,5/23/2009
Thailand,2,0,5/23/2009
Turkey,2,0,5/23/2009
United Kingdom,117,0,5/23/2009
United States of America,6552,9,5/23/2009
Argentina,2,0,5/25/2009
Australia,16,0,5/25/2009
Austria,1,0,5/25/2009
Belgium,7,0,5/25/2009
Brazil,9,0,5/25/2009
Canada,805,1,5/25/2009
Chile,44,0,5/25/2009
China,15,0,5/25/2009
Colombia,13,0,5/25/2009
Costa Rica,28,1,5/25/2009
Cuba,4,0,5/25/2009
Denmark,1,0,5/25/2009
Ecuador,10,0,5/25/2009
El Salvador,6,0,5/25/2009
Finland,2,0,5/25/2009
France,16,0,5/25/2009
Germany,17,0,5/25/2009
Greece,1,0,5/25/2009
Guatemala,4,0,5/25/2009
Honduras,1,0,5/25/2009
Iceland,1,0,5/25/2009
India,1,0,5/25/2009
Ireland,1,0,5/25/2009
Israel,8,0,5/25/2009
Italy,19,0,5/25/2009
Japan,345,0,5/25/2009
"Korea, Republic of",3,0,5/25/2009
Kuwait,18,0,5/25/2009
Malaysia,2,0,5/25/2009
Mexico,4174,80,5/25/2009
Netherlands,3,0,5/25/2009
New Zealand,9,0,5/25/2009
Norway,4,0,5/25/2009
Panama,76,0,5/25/2009
Peru,25,0,5/25/2009
Philippines,1,0,5/25/2009
Poland,3,0,5/25/2009
Portugal,1,0,5/25/2009
Russia,1,0,5/25/2009
Spain,133,0,5/25/2009
Sweden,3,0,5/25/2009
Switzerland,3,0,5/25/2009
Thailand,2,0,5/25/2009
Turkey,2,0,5/25/2009
United Kingdom,122,0,5/25/2009
United States of America,6552,9,5/25/2009
Argentina,5,0,5/26/2009
Australia,19,0,5/26/2009
Austria,1,0,5/26/2009
Belgium,7,0,5/26/2009
Brazil,9,0,5/26/2009
Canada,921,1,5/26/2009
Chile,74,0,5/26/2009
China,20,0,5/26/2009
Colombia,16,0,5/26/2009
Costa Rica,33,1,5/26/2009
Cuba,4,0,5/26/2009
Denmark,1,0,5/26/2009
Ecuador,24,0,5/26/2009
El Salvador,6,0,5/26/2009
Finland,2,0,5/26/2009
France,16,0,5/26/2009
Germany,17,0,5/26/2009
Greece,1,0,5/26/2009
Guatemala,4,0,5/26/2009
Honduras,1,0,5/26/2009
Iceland,1,0,5/26/2009
India,1,0,5/26/2009
Ireland,1,0,5/26/2009
Israel,8,0,5/26/2009
Italy,19,0,5/26/2009
Japan,350,0,5/26/2009
"Korea, Republic of",21,0,5/26/2009
Kuwait,18,0,5/26/2009
Malaysia,2,0,5/26/2009
Mexico,4174,80,5/26/2009
Netherlands,3,0,5/26/2009
New Zealand,9,0,5/26/2009
Norway,4,0,5/26/2009
Panama,76,0,5/26/2009
Peru,27,0,5/26/2009
Philippines,2,0,5/26/2009
Poland,3,0,5/26/2009
Portugal,1,0,5/26/2009
Russia,2,0,5/26/2009
Spain,136,0,5/26/2009
Sweden,3,0,5/26/2009
Switzerland,3,0,5/26/2009
Thailand,2,0,5/26/2009
Turkey,2,0,5/26/2009
United Kingdom,137,0,5/26/2009
United States of America,6764,10,5/26/2009
Argentina,19,0,5/27/2009
Australia,39,0,5/27/2009
Austria,1,0,5/27/2009
Bahrain,1,0,5/27/2009
Belgium,7,0,5/27/2009
Brazil,9,0,5/27/2009
Canada,921,1,5/27/2009
Chile,86,0,5/27/2009
China,22,0,5/27/2009
Colombia,16,0,5/27/2009
Costa Rica,33,1,5/27/2009
Cuba,4,0,5/27/2009
Denmark,1,0,5/27/2009
Ecuador,28,0,5/27/2009
El Salvador,11,0,5/27/2009
Finland,2,0,5/27/2009
France,16,0,5/27/2009
Germany,17,0,5/27/2009
Greece,1,0,5/27/2009
Guatemala ,5,0,5/27/2009
Honduras,1,0,5/27/2009
Iceland,1,0,5/27/2009
India,1,0,5/27/2009
Ireland,1,0,5/27/2009
Israel,9,0,5/27/2009
Italy,23,0,5/27/2009
Japan,360,0,5/27/2009
"Korea, Republic of",21,0,5/27/2009
Kuwait,18,0,5/27/2009
Malaysia,2,0,5/27/2009
Mexico,4541,83,5/27/2009
Netherlands,3,0,5/27/2009
New Zealand,9,0,5/27/2009
Norway,4,0,5/27/2009
Panama,76,0,5/27/2009
Peru,27,0,5/27/2009
Philippines,2,0,5/27/2009
Poland,3,0,5/27/2009
Portugal,1,0,5/27/2009
Russia,2,0,5/27/2009
Singapore,1,0,5/27/2009
Spain,138,0,5/27/2009
Sweden,3,0,5/27/2009
Switzerland,3,0,5/27/2009
Thailand,2,0,5/27/2009
Turkey,2,0,5/27/2009
United Kingdom,137,0,5/27/2009
United States of America,6764,10,5/27/2009
Argentina,37,0,5/29/2009
Australia,147,0,5/29/2009
Austria,1,0,5/29/2009
Bahrain,1,0,5/29/2009
Belgium,8,0,5/29/2009
Brazil,10,0,5/29/2009
Canada,1118,2,5/29/2009
Chile,165,0,5/29/2009
China,30,0,5/29/2009
Colombia,17,0,5/29/2009
Costa Rica,33,1,5/29/2009
Cuba,4,0,5/29/2009
Czech Republic,1,0,5/29/2009
Denmark,1,0,5/29/2009
Dominican Republic,2,0,5/29/2009
Ecuador,32,0,5/29/2009
El Salvador,11,0,5/29/2009
Finland,3,0,5/29/2009
France,21,0,5/29/2009
Germany,19,0,5/29/2009
Greece,3,0,5/29/2009
Guatemala,5,0,5/29/2009
Honduras,1,0,5/29/2009
Iceland,1,0,5/29/2009
India,1,0,5/29/2009
Ireland,3,0,5/29/2009
Israel,11,0,5/29/2009
Italy,26,0,5/29/2009
Japan,364,0,5/29/2009
"Korea, Republic of",33,0,5/29/2009
Kuwait,18,0,5/29/2009
Malaysia,2,0,5/29/2009
Mexico,4910,85,5/29/2009
Netherlands,3,0,5/29/2009
New Zealand,9,0,5/29/2009
Norway,4,0,5/29/2009
Panama,107,0,5/29/2009
Peru,31,0,5/29/2009
Philippines,6,0,5/29/2009
Poland,4,0,5/29/2009
Portugal,1,0,5/29/2009
Romania,3,0,5/29/2009
Russia,2,0,5/29/2009
Singapore,4,0,5/29/2009
Slovakia,1,0,5/29/2009
Spain,143,0,5/29/2009
Sweden,4,0,5/29/2009
Switzerland,4,0,5/29/2009
Thailand,2,0,5/29/2009
Turkey,2,0,5/29/2009
United Kingdom,203,0,5/29/2009
United States of America,7927,11,5/29/2009
Uruguay,2,0,5/29/2009
Argentina,100,0,6/1/2009
Australia,297,0,6/1/2009
Austria,1,0,6/1/2009
Bahamas,1,0,6/1/2009
Bahrain,1,0,6/1/2009
Belgium,12,0,6/1/2009
Bolivia,3,0,6/1/2009
Brazil,18,0,6/1/2009
Canada,1336,2,6/1/2009
Chile,250,0,6/1/2009
China,52,0,6/1/2009
Colombia,20,0,6/1/2009
Costa Rica,37,1,6/1/2009
Cuba,4,0,6/1/2009
Cyprus,1,0,6/1/2009
Czech Republic,1,0,6/1/2009
Denmark,1,0,6/1/2009
Dominican Republic,2,0,6/1/2009
Ecuador,39,0,6/1/2009
El Salvador,27,0,6/1/2009
Estonia,1,0,6/1/2009
Finland,3,0,6/1/2009
France,24,0,6/1/2009
Germany,28,0,6/1/2009
Greece,4,0,6/1/2009
Guatemala ,12,0,6/1/2009
Honduras,2,0,6/1/2009
Hungary,1,0,6/1/2009
Iceland,1,0,6/1/2009
India,1,0,6/1/2009
Ireland,4,0,6/1/2009
Israel,19,0,6/1/2009
Italy,29,0,6/1/2009
Jamaica,2,0,6/1/2009
Japan,370,0,6/1/2009
"Korea, Republic of",33,0,6/1/2009
Kuwait,18,0,6/1/2009
Malaysia,2,0,6/1/2009
Mexico,5029,97,6/1/2009
Netherlands,3,0,6/1/2009
New Zealand,9,0,6/1/2009
Norway,4,0,6/1/2009
Panama,107,0,6/1/2009
Paraguay,5,0,6/1/2009
Peru,36,0,6/1/2009
Philippines,16,0,6/1/2009
Poland,4,0,6/1/2009
Portugal,1,0,6/1/2009
Romania,3,0,6/1/2009
Russia,3,0,6/1/2009
Singapore,5,0,6/1/2009
Slovakia,2,0,6/1/2009
Spain,178,0,6/1/2009
Sweden,4,0,6/1/2009
Switzerland,8,0,6/1/2009
Thailand,2,0,6/1/2009
Turkey,4,0,6/1/2009
United Kingdom,229,0,6/1/2009
United States of America,8975,15,6/1/2009
Uruguay,11,0,6/1/2009
Venezuela,2,0,6/1/2009
Viet Nam,1,0,6/1/2009
Argentina,131,0,6/3/2009
Australia,501,0,6/3/2009
Austria,1,0,6/3/2009
Bahamas,1,0,6/3/2009
Bahrain,1,0,6/3/2009
Belgium,13,0,6/3/2009
Bolivia,3,0,6/3/2009
Brazil,20,0,6/3/2009
Bulgaria,1,0,6/3/2009
Canada,1530,2,6/3/2009
Chile,313,0,6/3/2009
China,69,0,6/3/2009
Colombia,20,0,6/3/2009
Costa Rica,50,1,6/3/2009
Cuba,4,0,6/3/2009
Cyprus,1,0,6/3/2009
Czech Republic,1,0,6/3/2009
Denmark,1,0,6/3/2009
Dominican Republic,11,0,6/3/2009
Ecuador,39,0,6/3/2009
Egypt,1,0,6/3/2009
El Salvador,41,0,6/3/2009
Estonia,1,0,6/3/2009
Finland,4,0,6/3/2009
France,26,0,6/3/2009
Germany,28,0,6/3/2009
Greece,5,0,6/3/2009
Guatemala,14,0,6/3/2009
Honduras,2,0,6/3/2009
Hungary,1,0,6/3/2009
Iceland,1,0,6/3/2009
India,1,0,6/3/2009
Ireland,4,0,6/3/2009
Israel,33,0,6/3/2009
Italy,30,0,6/3/2009
Jamaica,2,0,6/3/2009
Japan,385,0,6/3/2009
"Korea, Republic of",41,0,6/3/2009
Kuwait,18,0,6/3/2009
Lebanon,3,0,6/3/2009
Malaysia,2,0,6/3/2009
Mexico,5029,97,6/3/2009
Netherlands,4,0,6/3/2009
New Zealand,10,0,6/3/2009
Nicaragua,1,0,6/3/2009
Norway,4,0,6/3/2009
Panama,155,0,6/3/2009
Paraguay,5,0,6/3/2009
Peru,40,0,6/3/2009
Philippines,16,0,6/3/2009
Poland,4,0,6/3/2009
Portugal,2,0,6/3/2009
Romania,5,0,6/3/2009
Russia,3,0,6/3/2009
Singapore,9,0,6/3/2009
Slovakia,2,0,6/3/2009
Spain,180,0,6/3/2009
Sweden,7,0,6/3/2009
Switzerland,10,0,6/3/2009
Thailand,2,0,6/3/2009
Turkey,4,0,6/3/2009
United Kingdom,339,0,6/3/2009
United States of America,10053,17,6/3/2009
Uruguay,15,0,6/3/2009
Venezuela,3,0,6/3/2009
Viet Nam,3,0,6/3/2009
Argentina,147,0,6/5/2009
Australia,876,0,6/5/2009
Austria,2,0,6/5/2009
Bahamas,1,0,6/5/2009
Bahrain,1,0,6/5/2009
Barbados,1,0,6/5/2009
Belgium,13,0,6/5/2009
Bolivia,3,0,6/5/2009
Brazil,28,0,6/5/2009
Bulgaria,1,0,6/5/2009
Canada,1795,3,6/5/2009
Chile,369,1,6/5/2009
China,89,0,6/5/2009
Colombia,24,0,6/5/2009
Costa Rica,68,1,6/5/2009
Cuba,4,0,6/5/2009
Cyprus,1,0,6/5/2009
Czech Republic,2,0,6/5/2009
Denmark,4,0,6/5/2009
Dominican Republic,33,0,6/5/2009
Ecuador,43,0,6/5/2009
Egypt,1,0,6/5/2009
El Salvador,49,0,6/5/2009
Estonia,3,0,6/5/2009
Finland,4,0,6/5/2009
France,47,0,6/5/2009
Germany,43,0,6/5/2009
Greece,5,0,6/5/2009
Guatemala,23,0,6/5/2009
Honduras,34,0,6/5/2009
Hungary,3,0,6/5/2009
Iceland,1,0,6/5/2009
India,4,0,6/5/2009
Ireland,8,0,6/5/2009
Israel,39,0,6/5/2009
Italy,38,0,6/5/2009
Jamaica,2,0,6/5/2009
Japan,410,0,6/5/2009
"Korea, Republic of",41,0,6/5/2009
Kuwait,18,0,6/5/2009
Lebanon,3,0,6/5/2009
Luxembourg,1,0,6/5/2009
Malaysia,2,0,6/5/2009
Mexico,5563,103,6/5/2009
Netherlands,4,0,6/5/2009
New Zealand,11,0,6/5/2009
Nicaragua,5,0,6/5/2009
Norway,9,0,6/5/2009
Panama,173,0,6/5/2009
Paraguay,5,0,6/5/2009
Peru,47,0,6/5/2009
Philippines,29,0,6/5/2009
Poland,4,0,6/5/2009
Portugal,2,0,6/5/2009
Romania,8,0,6/5/2009
Russia,3,0,6/5/2009
Saudi Arabia,1,0,6/5/2009
Singapore,12,0,6/5/2009
Slovakia,3,0,6/5/2009
Spain,218,0,6/5/2009
Sweden,13,0,6/5/2009
Switzerland,10,0,6/5/2009
Thailand,8,0,6/5/2009
Turkey,8,0,6/5/2009
United Kingdom,428,0,6/5/2009
United States of America,11054,17,6/5/2009
Uruguay,15,0,6/5/2009
Venezuela,4,0,6/5/2009
Viet Nam,3,0,6/5/2009
Argentina,202,0,6/8/2009
Australia,1051,0,6/8/2009
Austria,5,0,6/8/2009
Bahamas,1,0,6/8/2009
Bahrain,1,0,6/8/2009
Barbados,2,0,6/8/2009
Belgium,14,0,6/8/2009
Bolivia,3,0,6/8/2009
Brazil,35,0,6/8/2009
Bulgaria,2,0,6/8/2009
Canada,2115,3,6/8/2009
"Cayman Islands, UKOT",1,0,6/8/2009
Chile,411,1,6/8/2009
China,108,0,6/8/2009
Colombia,25,0,6/8/2009
Costa Rica,68,1,6/8/2009
Cuba,5,0,6/8/2009
Cyprus,1,0,6/8/2009
Czech Republic,2,0,6/8/2009
Denmark,7,0,6/8/2009
Dominica,1,0,6/8/2009
Dominican Republic,44,1,6/8/2009
Ecuador,60,0,6/8/2009
Egypt,1,0,6/8/2009
El Salvador,69,0,6/8/2009
Estonia,3,0,6/8/2009
Finland,4,0,6/8/2009
France,58,0,6/8/2009
Germany,63,0,6/8/2009
Greece,5,0,6/8/2009
Guatemala,30,0,6/8/2009
Honduras,34,0,6/8/2009
Hungary,3,0,6/8/2009
Iceland,1,0,6/8/2009
India,4,0,6/8/2009
Ireland,11,0,6/8/2009
Israel,54,0,6/8/2009
Italy,50,0,6/8/2009
Jamaica,4,0,6/8/2009
Japan,410,0,6/8/2009
"Korea, Republic of",47,0,6/8/2009
Kuwait,18,0,6/8/2009
Lebanon,3,0,6/8/2009
Luxembourg,1,0,6/8/2009
Malaysia,5,0,6/8/2009
Mexico,5717,106,6/8/2009
Netherlands,10,0,6/8/2009
New Zealand,14,0,6/8/2009
Nicaragua,18,0,6/8/2009
Norway,9,0,6/8/2009
Panama,179,0,6/8/2009
Paraguay,5,0,6/8/2009
Peru,61,0,6/8/2009
Philippines,33,0,6/8/2009
Poland,5,0,6/8/2009
Portugal,2,0,6/8/2009
Romania,9,0,6/8/2009
Russia,3,0,6/8/2009
Saudi Arabia,1,0,6/8/2009
Singapore,15,0,6/8/2009
Slovakia,3,0,6/8/2009
Spain,291,0,6/8/2009
Sweden,14,0,6/8/2009
Switzerland,16,0,6/8/2009
Thailand,8,0,6/8/2009
Trinidad and Tobago,2,0,6/8/2009
Turkey,10,0,6/8/2009
United Arab Emirates,1,0,6/8/2009
United Kingdom,557,0,6/8/2009
United States of America,13217,27,6/8/2009
Uruguay,17,0,6/8/2009
Venezuela,4,0,6/8/2009
Viet Nam,9,0,6/8/2009
Argentina,235,0,6/10/2009
Australia,1224,0,6/10/2009
Austria,5,0,6/10/2009
Bahamas,2,0,6/10/2009
Bahrain,1,0,6/10/2009
Barbados,2,0,6/10/2009
Belgium,14,0,6/10/2009
Bolivia,3,0,6/10/2009
Brazil,36,0,6/10/2009
Bulgaria,2,0,6/10/2009
Canada,2446,4,6/10/2009
"Cayman Islands, UKOT",1,0,6/10/2009
Chile,1694,2,6/10/2009
China,142,0,6/10/2009
Colombia,35,0,6/10/2009
Costa Rica,93,1,6/10/2009
Cuba,5,0,6/10/2009
Cyprus,1,0,6/10/2009
Czech Republic,2,0,6/10/2009
Denmark,8,0,6/10/2009
Dominica,1,0,6/10/2009
Dominican Republic,91,1,6/10/2009
Ecuador,60,0,6/10/2009
Egypt,8,0,6/10/2009
El Salvador,69,0,6/10/2009
Estonia,4,0,6/10/2009
Finland,4,0,6/10/2009
France,71,0,6/10/2009
Germany,78,0,6/10/2009
Greece,5,0,6/10/2009
Guatemala,60,0,6/10/2009
Honduras,89,0,6/10/2009
Hungary,3,0,6/10/2009
Iceland,2,0,6/10/2009
India,4,0,6/10/2009
Ireland,12,0,6/10/2009
Israel,63,0,6/10/2009
Italy,50,0,6/10/2009
Jamaica,7,0,6/10/2009
Japan,485,0,6/10/2009
"Korea, Republic of",48,0,6/10/2009
Kuwait,18,0,6/10/2009
Lebanon,8,0,6/10/2009
Luxembourg,1,0,6/10/2009
Malaysia,5,0,6/10/2009
Mexico,5717,106,6/10/2009
Netherlands,22,0,6/10/2009
New Zealand,23,0,6/10/2009
Nicaragua,29,0,6/10/2009
Norway,9,0,6/10/2009
Panama,221,0,6/10/2009
Paraguay,16,0,6/10/2009
Peru,64,0,6/10/2009
Philippines,54,0,6/10/2009
Poland,6,0,6/10/2009
Portugal,2,0,6/10/2009
Romania,9,0,6/10/2009
Russia,3,0,6/10/2009
Saudi Arabia,1,0,6/10/2009
Singapore,18,0,6/10/2009
Slovakia,3,0,6/10/2009
Spain,331,0,6/10/2009
Sweden,16,0,6/10/2009
Switzerland,16,0,6/10/2009
Thailand,8,0,6/10/2009
Trinidad and Tobago,2,0,6/10/2009
Turkey,10,0,6/10/2009
Ukraine,1,0,6/10/2009
United Arab Emirates,1,0,6/10/2009
United Kingdom,666,0,6/10/2009
United States of America,13217,27,6/10/2009
Uruguay,24,0,6/10/2009
Venezuela,12,0,6/10/2009
Viet Nam,15,0,6/10/2009
Argentina,256,0,6/11/2009
Australia,1307,0,6/11/2009
Austria,7,0,6/11/2009
Bahamas,1,0,6/11/2009
Bahrain,1,0,6/11/2009
Barbados,3,0,6/11/2009
Belgium,14,0,6/11/2009
Bolivia,5,0,6/11/2009
Brazil,40,0,6/11/2009
Bulgaria,2,0,6/11/2009
Canada,2446,4,6/11/2009
"Cayman Islands, UKOT",2,0,6/11/2009
Chile,1694,2,6/11/2009
China,174,0,6/11/2009
Colombia,35,1,6/11/2009
Costa Rica,104,1,6/11/2009
Cuba,5,0,6/11/2009
Cyprus,1,0,6/11/2009
Czech Republic,4,0,6/11/2009
Denmark,10,0,6/11/2009
Dominica,1,0,6/11/2009
Dominican Republic,91,1,6/11/2009
Ecuador,67,0,6/11/2009
Egypt,10,0,6/11/2009
El Salvador,69,0,6/11/2009
Estonia,4,0,6/11/2009
Finland,4,0,6/11/2009
France,73,0,6/11/2009
Germany,95,0,6/11/2009
Greece,7,0,6/11/2009
Guatemala,60,0,6/11/2009
Honduras,89,0,6/11/2009
Hungary,4,0,6/11/2009
Iceland,3,0,6/11/2009
India,9,0,6/11/2009
Ireland,12,0,6/11/2009
Israel,68,0,6/11/2009
Italy,54,0,6/11/2009
Jamaica,10,0,6/11/2009
Japan,518,0,6/11/2009
"Korea, Republic of",53,0,6/11/2009
Kuwait,18,0,6/11/2009
Lebanon,8,0,6/11/2009
Luxembourg,1,0,6/11/2009
Malaysia,5,0,6/11/2009
Mexico,6241,108,6/11/2009
Netherlands,30,0,6/11/2009
New Zealand,23,0,6/11/2009
Nicaragua,45,0,6/11/2009
Norway,13,0,6/11/2009
Panama,221,0,6/11/2009
Paraguay,25,0,6/11/2009
Peru,64,0,6/11/2009
Philippines,77,0,6/11/2009
Poland,7,0,6/11/2009
Portugal,2,0,6/11/2009
Romania,11,0,6/11/2009
Russia,3,0,6/11/2009
Saudi Arabia,1,0,6/11/2009
Singapore,18,0,6/11/2009
Slovakia,3,0,6/11/2009
Spain,357,0,6/11/2009
Sweden,19,0,6/11/2009
Switzerland,20,0,6/11/2009
Thailand,8,0,6/11/2009
Trinidad and Tobago,2,0,6/11/2009
Turkey,10,0,6/11/2009
Ukraine,1,0,6/11/2009
United Arab Emirates,1,0,6/11/2009
United Kingdom,822,0,6/11/2009
United States of America,13217,27,6/11/2009
Uruguay,24,0,6/11/2009
Venezuela,13,0,6/11/2009
Viet Nam,16,0,6/11/2009
Argentina,343,0,6/12/2009
Australia,1307,0,6/12/2009
Austria,7,0,6/12/2009
Bahamas,1,0,6/12/2009
Bahrain,1,0,6/12/2009
Barbados,3,0,6/12/2009
Belgium,14,0,6/12/2009
Bolivia,5,0,6/12/2009
Brazil,52,0,6/12/2009
Bulgaria,2,0,6/12/2009
Canada,2978,4,6/12/2009
"Cayman Islands, UKOT",2,0,6/12/2009
Chile,1694,2,6/12/2009
China,188,0,6/12/2009
Colombia,35,1,6/12/2009
Costa Rica,104,1,6/12/2009
Cuba,6,0,6/12/2009
Cyprus,1,0,6/12/2009
Czech Republic,4,0,6/12/2009
Denmark,11,0,6/12/2009
Dominica,1,0,6/12/2009
Dominican Republic,91,1,6/12/2009
Ecuador,67,0,6/12/2009
Egypt,10,0,6/12/2009
El Salvador,69,0,6/12/2009
Estonia,4,0,6/12/2009
Finland,4,0,6/12/2009
France,73,0,6/12/2009
Germany,95,0,6/12/2009
Greece,7,0,6/12/2009
Guatemala,74,1,6/12/2009
Honduras,89,0,6/12/2009
Hungary,4,0,6/12/2009
Iceland,4,0,6/12/2009
India,9,0,6/12/2009
Ireland,12,0,6/12/2009
Israel,68,0,6/12/2009
Italy,56,0,6/12/2009
Jamaica,11,0,6/12/2009
Japan,549,0,6/12/2009
"Korea, Republic of",53,0,6/12/2009
Kuwait,18,0,6/12/2009
Lebanon,8,0,6/12/2009
Luxembourg,1,0,6/12/2009
Malaysia,5,0,6/12/2009
Mexico,6241,108,6/12/2009
Netherlands,35,0,6/12/2009
New Zealand,27,0,6/12/2009
Nicaragua,56,0,6/12/2009
Norway,13,0,6/12/2009
Panama,221,0,6/12/2009
Paraguay,25,0,6/12/2009
Peru,79,0,6/12/2009
Philippines,77,0,6/12/2009
Poland,7,0,6/12/2009
Portugal,2,0,6/12/2009
Romania,11,0,6/12/2009
Russia,3,0,6/12/2009
Saudi Arabia,1,0,6/12/2009
Singapore,18,0,6/12/2009
Slovakia,3,0,6/12/2009
Spain,488,0,6/12/2009
Sweden,19,0,6/12/2009
Switzerland,20,0,6/12/2009
Thailand,8,0,6/12/2009
Trinidad and Tobago,4,0,6/12/2009
Turkey,10,0,6/12/2009
Ukraine,1,0,6/12/2009
United Arab Emirates,1,0,6/12/2009
United Kingdom,822,0,6/12/2009
United States of America,13217,27,6/12/2009
Uruguay,36,0,6/12/2009
Venezuela,25,0,6/12/2009
Viet Nam,23,0,6/12/2009
Argentina,343,0,6/15/2009
Australia,1823,0,6/15/2009
Austria,7,0,6/15/2009
Bahamas,1,0,6/15/2009
Bahrain,1,0,6/15/2009
Barbados,3,0,6/15/2009
Belgium,17,0,6/15/2009
Bolivia,7,0,6/15/2009
Brazil,54,0,6/15/2009
Bulgaria,2,0,6/15/2009
Canada,2978,4,6/15/2009
"Cayman Islands, UKOT",2,0,6/15/2009
Chile,1694,2,6/15/2009
China,318,0,6/15/2009
Colombia,42,1,6/15/2009
Costa Rica,104,1,6/15/2009
Cuba,6,0,6/15/2009
Cyprus,1,0,6/15/2009
Czech Republic,4,0,6/15/2009
Denmark,12,0,6/15/2009
Dominica,1,0,6/15/2009
Dominican Republic,93,1,6/15/2009
Ecuador,80,0,6/15/2009
Egypt,18,0,6/15/2009
El Salvador,95,0,6/15/2009
Estonia,4,0,6/15/2009
Finland,4,0,6/15/2009
France,80,0,6/15/2009
Germany,170,0,6/15/2009
Greece,19,0,6/15/2009
Guatemala,119,1,6/15/2009
Honduras,89,0,6/15/2009
Hungary,4,0,6/15/2009
Iceland,4,0,6/15/2009
India,16,0,6/15/2009
Ireland,12,0,6/15/2009
Israel,117,0,6/15/2009
Italy,67,0,6/15/2009
Jamaica,11,0,6/15/2009
Japan,605,0,6/15/2009
"Korea, Republic of",65,0,6/15/2009
Kuwait,18,0,6/15/2009
Lebanon,8,0,6/15/2009
Luxembourg,1,0,6/15/2009
Malaysia,5,0,6/15/2009
Mexico,6241,108,6/15/2009
Morocco,1,0,6/15/2009
Netherlands,61,0,6/15/2009
New Zealand,86,0,6/15/2009
Nicaragua,56,0,6/15/2009
Norway,13,0,6/15/2009
Panama,272,0,6/15/2009
Paraguay,25,0,6/15/2009
Peru,91,0,6/15/2009
Philippines,77,0,6/15/2009
Poland,7,0,6/15/2009
Portugal,3,0,6/15/2009
Romania,13,0,6/15/2009
Russia,3,0,6/15/2009
Saudi Arabia,11,0,6/15/2009
Singapore,47,0,6/15/2009
Slovakia,3,0,6/15/2009
Spain,488,0,6/15/2009
Sweden,32,0,6/15/2009
Switzerland,22,0,6/15/2009
Thailand,29,0,6/15/2009
Trinidad and Tobago,5,0,6/15/2009
Turkey,10,0,6/15/2009
Ukraine,1,0,6/15/2009
United Arab Emirates,1,0,6/15/2009
United Kingdom,1226,0,6/15/2009
United States of America,17855,45,6/15/2009
Uruguay,36,0,6/15/2009
Venezuela,25,0,6/15/2009
Viet Nam,25,0,6/15/2009
West Bank and Gaza Strip,2,0,6/15/2009
Argentina,733,1,6/17/2009
Australia,2112,0,6/17/2009
Austria,7,0,6/17/2009
Bahamas,2,0,6/17/2009
Bahrain,12,0,6/17/2009
Barbados,3,0,6/17/2009
Belgium,19,0,6/17/2009
"Bermuda, UKOT",1,0,6/17/2009
Bolivia,11,0,6/17/2009
Brazil,79,0,6/17/2009
"British Virgin Islands, UKOT",1,0,6/17/2009
Bulgaria,2,0,6/17/2009
Canada,4049,7,6/17/2009
"Cayman Islands, UKOT",4,0,6/17/2009
Chile,2335,2,6/17/2009
China,382,0,6/17/2009
Colombia,53,1,6/17/2009
Costa Rica,149,1,6/17/2009
Cuba,7,0,6/17/2009
Cyprus,1,0,6/17/2009
Czech Republic,4,0,6/17/2009
Denmark,15,0,6/17/2009
Dominica,1,0,6/17/2009
Dominican Republic,93,1,6/17/2009
Ecuador,86,0,6/17/2009
Egypt,26,0,6/17/2009
El Salvador,125,0,6/17/2009
Estonia,4,0,6/17/2009
Finland,12,0,6/17/2009
France,118,0,6/17/2009
"France, French Polynesia, FOC",1,0,6/17/2009
"France, Martinique, FOC",1,0,6/17/2009
Germany,195,0,6/17/2009
Greece,23,0,6/17/2009
Guatemala,128,1,6/17/2009
Honduras,100,0,6/17/2009
Hungary,4,0,6/17/2009
Iceland,4,0,6/17/2009
India,30,0,6/17/2009
Ireland,12,0,6/17/2009
Israel,152,0,6/17/2009
Italy,72,0,6/17/2009
Jamaica,12,0,6/17/2009
Japan,666,0,6/17/2009
Jordan,2,0,6/17/2009
"Korea, Republic of",65,0,6/17/2009
Kuwait,18,0,6/17/2009
Lebanon,11,0,6/17/2009
Luxembourg,2,0,6/17/2009
Malaysia,17,0,6/17/2009
Mexico,6241,108,6/17/2009
Morocco,3,0,6/17/2009
Netherlands,68,0,6/17/2009
"Netherlands, Curacao, OT",1,0,6/17/2009
New Zealand,127,0,6/17/2009
Nicaragua,118,0,6/17/2009
Norway,13,0,6/17/2009
Panama,272,0,6/17/2009
Paraguay,25,0,6/17/2009
Peru,112,0,6/17/2009
Philippines,193,0,6/17/2009
Poland,7,0,6/17/2009
Portugal,3,0,6/17/2009
Qatar,3,0,6/17/2009
Romania,16,0,6/17/2009
Russia,3,0,6/17/2009
Samoa,1,0,6/17/2009
Saudi Arabia,17,0,6/17/2009
Singapore,49,0,6/17/2009
Slovakia,3,0,6/17/2009
Spain,499,0,6/17/2009
Sri Lanka,1,0,6/17/2009
Sweden,37,0,6/17/2009
Switzerland,27,0,6/17/2009
Thailand,310,0,6/17/2009
Trinidad and Tobago,5,0,6/17/2009
Turkey,16,0,6/17/2009
Ukraine,1,0,6/17/2009
United Arab Emirates,1,0,6/17/2009
United Kingdom,1461,1,6/17/2009
"United Kingdom, Isle of Man, Crown Dependency",1,0,6/17/2009
"United Kingdom, Jersey, Crown Dependency",1,0,6/17/2009
United States of America*,17855,44,6/17/2009
Uruguay,36,0,6/17/2009
Venezuela,45,0,6/17/2009
Viet Nam,27,0,6/17/2009
West Bank and Gaza Strip,2,0,6/17/2009
Yemen,1,0,6/17/2009
Argentina,918,4,6/19/2009
Australia,2199,0,6/19/2009
Austria,8,0,6/19/2009
Bahamas,2,0,6/19/2009
Bahrain,12,0,6/19/2009
Barbados,4,0,6/19/2009
Belgium,19,0,6/19/2009
"Bermuda, UKOT",1,0,6/19/2009
Bolivia,11,0,6/19/2009
Brazil,96,0,6/19/2009
"British Virgin Islands, UKOT",1,0,6/19/2009
Bulgaria,2,0,6/19/2009
Canada,4905,12,6/19/2009
"Cayman Islands, UKOT",4,0,6/19/2009
Chile,3125,2,6/19/2009
China,519,0,6/19/2009
Colombia,60,1,6/19/2009
Costa Rica,149,1,6/19/2009
Cuba,15,0,6/19/2009
Cyprus,1,0,6/19/2009
Czech Republic,5,0,6/19/2009
Denmark,22,0,6/19/2009
Dominica,1,0,6/19/2009
Dominican Republic,93,1,6/19/2009
Ecuador,86,0,6/19/2009
Egypt,29,0,6/19/2009
El Salvador,160,0,6/19/2009
Estonia,5,0,6/19/2009
Finland,13,0,6/19/2009
France,131,0,6/19/2009
"French Polynesia, FOC",1,0,6/19/2009
"Martinique, FOC",1,0,6/19/2009
Germany,238,0,6/19/2009
Greece,31,0,6/19/2009
Guatemala ,153,1,6/19/2009
Honduras,108,0,6/19/2009
Hungary,7,0,6/19/2009
Iceland,4,0,6/19/2009
India,30,0,6/19/2009
Ireland,16,0,6/19/2009
Israel,219,0,6/19/2009
Italy,88,0,6/19/2009
Jamaica,14,0,6/19/2009
Japan,690,0,6/19/2009
Jordan,2,0,6/19/2009
"Korea, Republic of",84,0,6/19/2009
Kuwait,18,0,6/19/2009
Laos,1,0,6/19/2009
Lebanon,12,0,6/19/2009
Luxembourg,2,0,6/19/2009
Malaysia,23,0,6/19/2009
Mexico,7624,113,6/19/2009
Morocco,8,0,6/19/2009
Netherlands,87,0,6/19/2009
"Netherlands Antilles, Curaçao *",3,0,6/19/2009
"Netherlands Antilles, Sint Maarten",1,0,6/19/2009
New Zealand,216,0,6/19/2009
Nicaragua,144,0,6/19/2009
Norway,17,0,6/19/2009
Oman,3,0,6/19/2009
Panama,272,0,6/19/2009
Papua New Guinea,1,0,6/19/2009
Paraguay,27,0,6/19/2009
Peru,141,0,6/19/2009
Philippines,311,0,6/19/2009
Poland,7,0,6/19/2009
Portugal,5,0,6/19/2009
Qatar,3,0,6/19/2009
Romania,18,0,6/19/2009
Russia,3,0,6/19/2009
Samoa,1,0,6/19/2009
Saudi Arabia,22,0,6/19/2009
Singapore,77,0,6/19/2009
Slovakia,3,0,6/19/2009
South Africa,1,0,6/19/2009
Spain,512,0,6/19/2009
Sri Lanka,1,0,6/19/2009
Suriname,11,0,6/19/2009
Sweden,43,0,6/19/2009
Switzerland,27,0,6/19/2009
Thailand,518,0,6/19/2009
Trinidad and Tobago,18,0,6/19/2009
Turkey,20,0,6/19/2009
Ukraine,1,0,6/19/2009
United Arab Emirates,2,0,6/19/2009
United Kingdom,1752,1,6/19/2009
"Isle of Man, Crown Dependency",1,0,6/19/2009
"Jersey, Crown Dependency",1,0,6/19/2009
United States of America,17855,44,6/19/2009
Uruguay,36,0,6/19/2009
Venezuela,60,0,6/19/2009
Viet Nam,27,0,6/19/2009
West Bank and Gaza Strip,5,0,6/19/2009
Yemen,4,0,6/19/2009
Algeria,1,0,6/22/2009
Argentina,1010,7,6/22/2009
Australia,2436,1,6/22/2009
Austria,9,0,6/22/2009
Bahamas,2,0,6/22/2009
Bahrain,15,0,6/22/2009
Bangladesh,1,0,6/22/2009
Barbados,4,0,6/22/2009
Belgium,29,0,6/22/2009
"Bermuda, UKOT",1,0,6/22/2009
Bolivia,25,0,6/22/2009
Brazil,131,0,6/22/2009
"British Virgin Islands, UKOT",1,0,6/22/2009
Brunei Darussalam,1,0,6/22/2009
Bulgaria,2,0,6/22/2009
Canada,5710,13,6/22/2009
"Cayman Islands, UKOT",4,0,6/22/2009
Chile,4315,4,6/22/2009
China,739,0,6/22/2009
Colombia,71,2,6/22/2009
Costa Rica,149,1,6/22/2009
Cuba,15,0,6/22/2009
Cyprus,4,0,6/22/2009
Czech Republic,7,0,6/22/2009
Denmark,23,0,6/22/2009
Dominica,1,0,6/22/2009
Dominican Republic,93,1,6/22/2009
Ecuador,95,0,6/22/2009
Egypt,39,0,6/22/2009
El Salvador,160,0,6/22/2009
Estonia,5,0,6/22/2009
Fiji,1,0,6/22/2009
Finland,13,0,6/22/2009
France,147,0,6/22/2009
"French Polynesia, FOC",1,0,6/22/2009
"Martinique, FOC",1,0,6/22/2009
Germany,275,0,6/22/2009
Greece,48,0,6/22/2009
Guatemala ,208,1,6/22/2009
Honduras,108,0,6/22/2009
Hungary,7,0,6/22/2009
Iceland,4,0,6/22/2009
India,44,0,6/22/2009
Ireland,23,0,6/22/2009
Israel,291,0,6/22/2009
Italy,88,0,6/22/2009
Jamaica,19,0,6/22/2009
Japan,850,0,6/22/2009
Jordan,13,0,6/22/2009
"Korea, Republic of",105,0,6/22/2009
Kuwait,26,0,6/22/2009
Laos,2,0,6/22/2009
Lebanon,12,0,6/22/2009
Luxembourg,3,0,6/22/2009
Malaysia,23,0,6/22/2009
Mexico,7624,113,6/22/2009
Morocco *,6,0,6/22/2009
Netherlands,91,0,6/22/2009
"Netherlands Antilles, Curaçao **",3,0,6/22/2009
"Netherlands Antilles, Sint Maarten",1,0,6/22/2009
New Zealand,258,0,6/22/2009
Nicaragua,189,0,6/22/2009
Norway,17,0,6/22/2009
Oman,3,0,6/22/2009
Panama,330,0,6/22/2009
Papua New Guinea,1,0,6/22/2009
Paraguay,48,0,6/22/2009
Peru,185,0,6/22/2009
Philippines,344,0,6/22/2009
Poland,13,0,6/22/2009
Portugal,6,0,6/22/2009
Qatar,8,0,6/22/2009
Romania,18,0,6/22/2009
Russia,3,0,6/22/2009
Samoa,1,0,6/22/2009
Saudi Arabia,35,0,6/22/2009
Singapore,142,0,6/22/2009
Slovakia,3,0,6/22/2009
Slovenia,1,0,6/22/2009
South Africa,1,0,6/22/2009
Spain,522,0,6/22/2009
Sri Lanka,4,0,6/22/2009
Suriname,11,0,6/22/2009
Sweden,48,0,6/22/2009
Switzerland,31,0,6/22/2009
Thailand,589,0,6/22/2009
Trinidad and Tobago,18,0,6/22/2009
Turkey,20,0,6/22/2009
Ukraine,1,0,6/22/2009
United Arab Emirates,2,0,6/22/2009
United Kingdom,2506,1,6/22/2009
"Isle of Man, Crown Dependency",1,0,6/22/2009
"Jersey, Crown Dependency",1,0,6/22/2009
United States of America,21449,87,6/22/2009
Uruguay,36,0,6/22/2009
Venezuela,71,0,6/22/2009
Viet Nam,35,0,6/22/2009
West Bank and Gaza Strip,8,0,6/22/2009
Yemen,5,0,6/22/2009
Algeria,2,0,6/24/2009
Antigua and Barbuda,2,0,6/24/2009
Argentina,1213,7,6/24/2009
Australia,2857,2,6/24/2009
Austria,12,0,6/24/2009
Bahamas,4,0,6/24/2009
Bahrain,15,0,6/24/2009
Bangladesh,1,0,6/24/2009
Barbados,5,0,6/24/2009
Belgium,30,0,6/24/2009
"Bermuda, UKOT",1,0,6/24/2009
Bolivia,44,0,6/24/2009
Brazil,334,0,6/24/2009
"British Virgin Islands, UKOT",1,0,6/24/2009
Brunei Darussalam,4,0,6/24/2009
Bulgaria,5,0,6/24/2009
Cambodia,1,0,6/24/2009
Canada,6457,15,6/24/2009
Cap Verde,3,0,6/24/2009
"Cayman Islands, UKOT",7,0,6/24/2009
Chile,4315,4,6/24/2009
China,906,0,6/24/2009
Colombia,71,2,6/24/2009
Costa Rica,189,1,6/24/2009
Cote d'Ivoire,2,0,6/24/2009
Cuba,15,0,6/24/2009
Cyprus,5,0,6/24/2009
Czech Republic,7,0,6/24/2009
Denmark,34,0,6/24/2009
Dominica,1,0,6/24/2009
Dominican Republic,108,2,6/24/2009
Ecuador,115,0,6/24/2009
Egypt,40,0,6/24/2009
El Salvador,160,0,6/24/2009
Estonia,5,0,6/24/2009
Ethiopia,2,0,6/24/2009
Fiji,2,0,6/24/2009
Finland,26,0,6/24/2009
France,171,0,6/24/2009
"French Polynesia, FOC",1,0,6/24/2009
"Martinique, FOC",2,0,6/24/2009
Germany,301,0,6/24/2009
Greece,58,0,6/24/2009
Guatemala ,235,1,6/24/2009
Honduras,118,0,6/24/2009
Hungary,7,0,6/24/2009
Iceland,4,0,6/24/2009
India,64,0,6/24/2009
Ireland,23,0,6/24/2009
Israel,375,0,6/24/2009
Italy,96,0,6/24/2009
Jamaica,19,0,6/24/2009
Japan,893,0,6/24/2009
Jordan,15,0,6/24/2009
"Korea, Republic of",115,0,6/24/2009
Kuwait,26,0,6/24/2009
Laos,3,0,6/24/2009
Latvia,1,0,6/24/2009
Lebanon,25,0,6/24/2009
Luxembourg,3,0,6/24/2009
Malaysia,68,0,6/24/2009
Mexico,7847,115,6/24/2009
Montenegro,1,0,6/24/2009
Morocco,9,0,6/24/2009
Netherlands,110,0,6/24/2009
"Netherlands Antilles, Curaçao *",3,0,6/24/2009
"Netherlands Antilles, Sint Maarten",1,0,6/24/2009
New Zealand,386,0,6/24/2009
Nicaragua,220,0,6/24/2009
Norway,22,0,6/24/2009
Oman,3,0,6/24/2009
Panama,330,0,6/24/2009
Papua New Guinea,1,0,6/24/2009
Paraguay,58,0,6/24/2009
Peru,217,0,6/24/2009
Philippines,445,1,6/24/2009
Poland,13,0,6/24/2009
Portugal,6,0,6/24/2009
Qatar,10,0,6/24/2009
Romania,19,0,6/24/2009
Russia,3,0,6/24/2009
Samoa,1,0,6/24/2009
Saudi Arabia,45,0,6/24/2009
Singapore,194,0,6/24/2009
Slovakia,4,0,6/24/2009
Slovenia,1,0,6/24/2009
South Africa,1,0,6/24/2009
Spain,539,0,6/24/2009
Sri Lanka,5,0,6/24/2009
Suriname,11,0,6/24/2009
Sweden,55,0,6/24/2009
Switzerland,33,0,6/24/2009
Thailand,774,0,6/24/2009
Trinidad and Tobago,25,0,6/24/2009
Tunisia,2,0,6/24/2009
Turkey,26,0,6/24/2009
Ukraine,1,0,6/24/2009
United Arab Emirates,2,0,6/24/2009
United Kingdom,2905,1,6/24/2009
"Isle of Man, Crown Dependency",1,0,6/24/2009
"Jersey, Crown Dependency",3,0,6/24/2009
United States of America,21449,87,6/24/2009
Uruguay,195,0,6/24/2009
Vanuatu,1,,6/24/2009
Venezuela,135,0,6/24/2009
Viet Nam,56,0,6/24/2009
West Bank and Gaza Strip,8,0,6/24/2009
Yemen,6,0,6/24/2009
Algeria,2,0,6/26/2009
Antigua and Barbuda,2,0,6/26/2009
Argentina,1391,21,6/26/2009
Australia,3280,3,6/26/2009
Austria,12,0,6/26/2009
Bahamas,4,0,6/26/2009
Bahrain,15,0,6/26/2009
Bangladesh,1,0,6/26/2009
Barbados,10,0,6/26/2009
Belgium,36,0,6/26/2009
"Bermuda, UKOT",1,0,6/26/2009
Bolivia,47,0,6/26/2009
Brazil,399,0,6/26/2009
"British Virgin Islands, UKOT",1,0,6/26/2009
Brunei Darussalam,11,0,6/26/2009
Bulgaria,7,0,6/26/2009
Cambodia,5,0,6/26/2009
Canada,6732,19,6/26/2009
Cap Verde,3,0,6/26/2009
"Cayman Islands, UKOT",9,0,6/26/2009
Chile,5186,7,6/26/2009
China,1089,0,6/26/2009
Colombia,72,2,6/26/2009
Costa Rica,222,1,6/26/2009
Cote d'Ivoire,2,0,6/26/2009
Cuba,34,0,6/26/2009
Cyprus,9,0,6/26/2009
Czech Republic,9,0,6/26/2009
Denmark,41,0,6/26/2009
Dominica,1,0,6/26/2009
Dominican Republic,108,2,6/26/2009
Ecuador,125,0,6/26/2009
Egypt,43,0,6/26/2009
El Salvador,160,0,6/26/2009
Estonia,8,0,6/26/2009
Ethiopia,2,0,6/26/2009
Fiji,2,0,6/26/2009
Finland,26,0,6/26/2009
France,191,0,6/26/2009
"French Polynesia, FOC",1,0,6/26/2009
"Martinique, FOC",2,0,6/26/2009
Germany,333,0,6/26/2009
Greece,73,0,6/26/2009
Guatemala ,254,2,6/26/2009
Honduras,118,1,6/26/2009
Hungary,8,0,6/26/2009
Iceland,4,0,6/26/2009
India,64,0,6/26/2009
Indonesia,2,0,6/26/2009
Iran,1,0,6/26/2009
Ireland,29,0,6/26/2009
Israel,405,0,6/26/2009
Italy,102,0,6/26/2009
Jamaica,19,0,6/26/2009
Japan,1049,0,6/26/2009
Jordan,15,0,6/26/2009
"Korea, Republic of",142,0,6/26/2009
Kuwait,30,0,6/26/2009
Laos,3,0,6/26/2009
Latvia,1,0,6/26/2009
Lebanon,25,0,6/26/2009
Luxembourg,3,0,6/26/2009
Malaysia,68,0,6/26/2009
Mexico,8279,116,6/26/2009
Montenegro,1,0,6/26/2009
Morocco,11,0,6/26/2009
Netherlands,116,0,6/26/2009
"Netherlands Antilles, Curaçao *",3,0,6/26/2009
"Netherlands Antilles, Sint Maarten",1,0,6/26/2009
New Zealand,453,0,6/26/2009
Nicaragua,265,0,6/26/2009
Norway,22,0,6/26/2009
Oman,3,0,6/26/2009
Panama,358,0,6/26/2009
Papua New Guinea,1,0,6/26/2009
Paraguay,79,0,6/26/2009
Peru,252,0,6/26/2009
Philippines,445,1,6/26/2009
Poland,13,0,6/26/2009
Portugal,7,0,6/26/2009
Qatar,10,0,6/26/2009
Romania,19,0,6/26/2009
Russia,3,0,6/26/2009
Samoa,1,0,6/26/2009
Saudi Arabia,48,0,6/26/2009
Serbia,2,0,6/26/2009
Singapore,315,0,6/26/2009
Slovakia,7,0,6/26/2009
Slovenia,3,0,6/26/2009
South Africa,1,0,6/26/2009
Spain,541,0,6/26/2009
Sri Lanka,7,0,6/26/2009
Suriname,11,0,6/26/2009
Sweden,61,0,6/26/2009
Switzerland,47,0,6/26/2009
Thailand,774,0,6/26/2009
Trinidad and Tobago,25,0,6/26/2009
Tunisia,2,0,6/26/2009
Turkey,26,0,6/26/2009
Ukraine,1,0,6/26/2009
United Arab Emirates,7,0,6/26/2009
United Kingdom,3597,1,6/26/2009
"Guernsey, Crown Dependency",1,0,6/26/2009
"Isle of Man, Crown Dependency",1,0,6/26/2009
"Jersey, Crown Dependency",8,0,6/26/2009
United States of America,21449,87,6/26/2009
Uruguay,195,0,6/26/2009
Vanuatu,2,0,6/26/2009
Venezuela,153,0,6/26/2009
Viet Nam,63,0,6/26/2009
West Bank and Gaza Strip,9,0,6/26/2009
Yemen,6,0,6/26/2009
Algeria,2,0,6/29/2009
Antigua and Barbuda,2,0,6/29/2009
Argentina,1488,23,6/29/2009
Australia,4038,7,6/29/2009
Austria,12,0,6/29/2009
Bahamas,4,0,6/29/2009
Bahrain,15,0,6/29/2009
Bangladesh,1,0,6/29/2009
Barbados,10,0,6/29/2009
Belgium,43,0,6/29/2009
"Bermuda, UKOT",1,0,6/29/2009
Bolivia,126,0,6/29/2009
Brazil,452,0,6/29/2009
"British Virgin Islands, UKOT",1,0,6/29/2009
Brunei Darussalam,29,0,6/29/2009
Bulgaria,7,0,6/29/2009
Cambodia,6,0,6/29/2009
Canada,7775,21,6/29/2009
Cap Verde,3,0,6/29/2009
"Cayman Islands, UKOT",9,0,6/29/2009
Chile,5186,7,6/29/2009
China,1442,0,6/29/2009
Colombia,88,2,6/29/2009
Costa Rica,255,1,6/29/2009
Cote d'Ivoire,2,0,6/29/2009
Cuba,34,0,6/29/2009
Cyprus,25,0,6/29/2009
Czech Republic,9,0,6/29/2009
Denmark,44,0,6/29/2009
Dominica,1,0,6/29/2009
Dominican Republic,108,2,6/29/2009
Ecuador,125,0,6/29/2009
Egypt,50,0,6/29/2009
El Salvador,226,0,6/29/2009
Estonia,13,0,6/29/2009
Ethiopia,2,0,6/29/2009
Fiji,2,0,6/29/2009
Finland,26,0,6/29/2009
France,235,0,6/29/2009
"French Polynesia, FOC",3,0,6/29/2009
"Martinique, FOC",2,0,6/29/2009
Germany,366,0,6/29/2009
Greece,86,0,6/29/2009
Guatemala ,254,2,6/29/2009
Honduras,118,1,6/29/2009
Hungary,8,0,6/29/2009
Iceland,4,0,6/29/2009
India,64,0,6/29/2009
Indonesia,8,0,6/29/2009
Iran,1,0,6/29/2009
Iraq,10,0,6/29/2009
Ireland,39,0,6/29/2009
Israel,469,0,6/29/2009
Italy,112,0,6/29/2009
Jamaica,21,0,6/29/2009
Japan,1212,0,6/29/2009
Jordan,18,0,6/29/2009
"Korea, Republic of",202,0,6/29/2009
Kuwait,30,0,6/29/2009
Laos,3,0,6/29/2009
Latvia,1,0,6/29/2009
Lebanon,25,0,6/29/2009
Lithuania,1,0,6/29/2009
Luxembourg,4,0,6/29/2009
Malaysia,112,0,6/29/2009
Mexico,8279,116,6/29/2009
Monaco,1,0,6/29/2009
Montenegro,1,0,6/29/2009
Morocco,11,0,6/29/2009
Nepal,3,0,6/29/2009
Netherlands,118,0,6/29/2009
"Netherlands Antilles, Curaçao *",3,0,6/29/2009
"Netherlands Antilles, Sint Maarten",1,0,6/29/2009
New Zealand,587,0,6/29/2009
Nicaragua,277,0,6/29/2009
Norway,31,0,6/29/2009
Oman,3,0,6/29/2009
Panama,403,0,6/29/2009
Papua New Guinea,1,0,6/29/2009
Paraguay,85,0,6/29/2009
Peru,360,0,6/29/2009
Philippines,861,1,6/29/2009
Poland,14,0,6/29/2009
Portugal,11,0,6/29/2009
Qatar,10,0,6/29/2009
Romania,24,0,6/29/2009
Russia,3,0,6/29/2009
Samoa,1,0,6/29/2009
Saudi Arabia,69,0,6/29/2009
Serbia,5,0,6/29/2009
Singapore,599,0,6/29/2009
Slovakia,9,0,6/29/2009
Slovenia,4,0,6/29/2009
South Africa,1,0,6/29/2009
Spain,541,0,6/29/2009
Sri Lanka,9,0,6/29/2009
Suriname,11,0,6/29/2009
Sweden,67,0,6/29/2009
Switzerland,49,0,6/29/2009
Thailand,774,0,6/29/2009
Trinidad and Tobago,53,0,6/29/2009
Tunisia,2,0,6/29/2009
Turkey,27,0,6/29/2009
Ukraine,1,0,6/29/2009
United Arab Emirates,8,0,6/29/2009
United Kingdom,4250,1,6/29/2009
"Guernsey, Crown Dependency",1,0,6/29/2009
"Isle of Man, Crown Dependency",1,0,6/29/2009
"Jersey, Crown Dependency",8,0,6/29/2009
United States of America,27717,127,6/29/2009
Uruguay,195,0,6/29/2009
Vanuatu,2,0,6/29/2009
Venezuela,172,0,6/29/2009
Viet Nam,84,0,6/29/2009
West Bank and Gaza Strip,9,0,6/29/2009
Yemen,6,0,6/29/2009
Algeria,2,0,7/1/2009
Antigua and Barbuda,2,0,7/1/2009
Argentina,1587,26,7/1/2009
Australia,4090,7,7/1/2009
Austria,15,0,7/1/2009
Bahamas,6,0,7/1/2009
Bahrain,15,0,7/1/2009
Bangladesh,1,0,7/1/2009
Barbados,10,0,7/1/2009
Belgium,47,0,7/1/2009
"Bermuda, UKOT",1,0,7/1/2009
Bolivia,205,0,7/1/2009
Brazil,680,1,7/1/2009
"British Virgin Islands, UKOT",1,0,7/1/2009
Brunei Darussalam,29,0,7/1/2009
Bulgaria,10,0,7/1/2009
Cambodia,6,0,7/1/2009
Canada,7983,25,7/1/2009
Cap Verde,3,0,7/1/2009
"Cayman Islands, UKOT",13,0,7/1/2009
Chile,6211,12,7/1/2009
China,1518,0,7/1/2009
Colombia,93,2,7/1/2009
Costa Rica,279,2,7/1/2009
Cote d'Ivoire,2,0,7/1/2009
Cuba,46,0,7/1/2009
Cyprus,48,0,7/1/2009
Czech Republic,9,0,7/1/2009
Denmark,55,0,7/1/2009
Dominica,1,0,7/1/2009
Dominican Republic,108,2,7/1/2009
Ecuador,163,0,7/1/2009
Egypt,67,0,7/1/2009
El Salvador,226,0,7/1/2009
Estonia,13,0,7/1/2009
Ethiopia,2,0,7/1/2009
Fiji,2,0,7/1/2009
Finland,26,0,7/1/2009
France,277,0,7/1/2009
"French Polynesia, FOC",2,0,7/1/2009
"Martinique, FOC",2,0,7/1/2009
"France, New Caledonia, FOC",6,0,7/1/2009
Germany,417,0,7/1/2009
Greece,92,0,7/1/2009
Guatemala ,254,2,7/1/2009
Honduras,118,1,7/1/2009
Hungary,10,0,7/1/2009
Iceland,4,0,7/1/2009
India,104,0,7/1/2009
Indonesia,8,0,7/1/2009
Iran,1,0,7/1/2009
Iraq,11,0,7/1/2009
Ireland,41,0,7/1/2009
Israel,506,0,7/1/2009
Italy,123,0,7/1/2009
Jamaica,32,0,7/1/2009
Japan,1266,0,7/1/2009
Jordan,20,0,7/1/2009
Kenya,1,0,7/1/2009
"Korea, Republic of",202,0,7/1/2009
Kuwait,34,0,7/1/2009
Laos,3,0,7/1/2009
Latvia,1,0,7/1/2009
Lebanon,39,0,7/1/2009
Lithuania,1,0,7/1/2009
Luxembourg,4,0,7/1/2009
Malaysia,112,0,7/1/2009
Mauritius,7,0,7/1/2009
Mexico,8680,116,7/1/2009
Montenegro,4,0,7/1/2009
Morocco,17,0,7/1/2009
Myanmar,1,0,7/1/2009
Nepal,3,0,7/1/2009
Netherlands,128,0,7/1/2009
"Netherlands Antilles, Curaçao",7,0,7/1/2009
"Netherlands Antilles, Sint Maarten",7,0,7/1/2009
New Zealand,711,0,7/1/2009
Nicaragua,293,0,7/1/2009
Norway,32,0,7/1/2009
Oman,3,0,7/1/2009
Panama,417,0,7/1/2009
Papua New Guinea,1,0,7/1/2009
Paraguay,96,0,7/1/2009
Peru,538,0,7/1/2009
Philippines,861,1,7/1/2009
Poland,15,0,7/1/2009
Portugal,17,0,7/1/2009
Qatar,10,0,7/1/2009
Romania,28,0,7/1/2009
Russia,3,0,7/1/2009
Saint Lucia,1,0,7/1/2009
Samoa,1,0,7/1/2009
Saudi Arabia,81,0,7/1/2009
Serbia,12,0,7/1/2009
Singapore,701,0,7/1/2009
Slovakia,13,0,7/1/2009
Slovenia,4,0,7/1/2009
South Africa,1,0,7/1/2009
Spain,717,1,7/1/2009
Sri Lanka,15,0,7/1/2009
Suriname,11,0,7/1/2009
Sweden,69,0,7/1/2009
Switzerland,56,0,7/1/2009
Thailand,1414,3,7/1/2009
Trinidad and Tobago,53,0,7/1/2009
Tunisia,3,0,7/1/2009
Turkey,32,0,7/1/2009
Ukraine,1,0,7/1/2009
United Arab Emirates,8,0,7/1/2009
United Kingdom,6538,3,7/1/2009
"Guernsey, Crown Dependency",5,0,7/1/2009
"Isle of Man, Crown Dependency",1,0,7/1/2009
"Jersey, Crown Dependency",8,0,7/1/2009
United States of America,27717,127,7/1/2009
Uruguay,195,1,7/1/2009
Vanuatu,2,0,7/1/2009
Venezuela,193,0,7/1/2009
Viet Nam,123,0,7/1/2009
West Bank and Gaza Strip,13,0,7/1/2009
Yemen,7,0,7/1/2009
Algeria,5,0,7/3/2009
Antigua and Barbuda,2,0,7/3/2009
Argentina,1587,26,7/3/2009
Australia,4568,9,7/3/2009
Austria,15,0,7/3/2009
Bahamas,6,0,7/3/2009
Bahrain,15,0,7/3/2009
Bangladesh,12,0,7/3/2009
Barbados,12,0,7/3/2009
Belgium,49,0,7/3/2009
"Bermuda, UKOT",1,0,7/3/2009
Bolivia,283,0,7/3/2009
Bosnia and Hezegovina,1,0,7/3/2009
Brazil,737,1,7/3/2009
"British Virgin Islands, UKOT",2,0,7/3/2009
Brunei Darussalam,85,0,7/3/2009
Bulgaria,10,0,7/3/2009
Cambodia,7,0,7/3/2009
Canada,7983,25,7/3/2009
Cap Verde,3,0,7/3/2009
"Cayman Islands, UKOT",14,0,7/3/2009
Chile,7376,14,7/3/2009
China,1814,0,7/3/2009
Colombia,101,2,7/3/2009
Costa Rica*,227,2,7/3/2009
Cote d'Ivoire,2,0,7/3/2009
Cuba,73,0,7/3/2009
Cyprus,70,0,7/3/2009
Czech Republic,15,0,7/3/2009
Denmark,63,0,7/3/2009
Dominica,1,0,7/3/2009
Dominican Republic,108,2,7/3/2009
Ecuador,163,0,7/3/2009
Egypt,67,0,7/3/2009
El Salvador,253,0,7/3/2009
Estonia,13,0,7/3/2009
Ethiopia,3,0,7/3/2009
Fiji,2,0,7/3/2009
Finland,43,0,7/3/2009
France,300,0,7/3/2009
"French Polynesia, FOC",2,0,7/3/2009
"Martinique, FOC",2,0,7/3/2009
"France, New Caledonia, FOC",6,0,7/3/2009
Germany,470,0,7/3/2009
Greece,109,0,7/3/2009
Guatemala ,254,2,7/3/2009
Honduras,123,1,7/3/2009
Hungary,11,0,7/3/2009
Iceland,4,0,7/3/2009
India,104,0,7/3/2009
Indonesia,8,0,7/3/2009
Iran,1,0,7/3/2009
Iraq,11,0,7/3/2009
Ireland,51,0,7/3/2009
Israel,577,0,7/3/2009
Italy,130,0,7/3/2009
Jamaica,32,0,7/3/2009
Japan,1446,0,7/3/2009
Jordan,22,0,7/3/2009
Kenya,12,0,7/3/2009
"Korea, Republic of",202,0,7/3/2009
Kuwait,35,0,7/3/2009
Laos,3,0,7/3/2009
Latvia,1,0,7/3/2009
Lebanon,47,0,7/3/2009
Lithuania,3,0,7/3/2009
Luxembourg,4,0,7/3/2009
Malaysia,112,0,7/3/2009
Malta,2,0,7/3/2009
Mauritius,1,0,7/3/2009
Mexico,10262,119,7/3/2009
Montenegro,9,0,7/3/2009
Morocco,17,0,7/3/2009
Myanmar,1,0,7/3/2009
Nepal,5,0,7/3/2009
Netherlands,134,0,7/3/2009
"Netherlands, Aruba",5,0,7/3/2009
"Netherlands Antilles, Curaçao",8,0,7/3/2009
"Netherlands Antilles, Sint Maarten",7,0,7/3/2009
New Zealand,912,0,7/3/2009
Nicaragua,308,0,7/3/2009
Norway,41,0,7/3/2009
Oman,3,0,7/3/2009
Palau,1,0,7/3/2009
Panama,417,0,7/3/2009
Papua New Guinea,1,0,7/3/2009
Paraguay,103,0,7/3/2009
Peru,538,0,7/3/2009
Philippines,1709,1,7/3/2009
Poland,19,0,7/3/2009
Portugal,27,0,7/3/2009
Qatar,10,0,7/3/2009
Romania,36,0,7/3/2009
Russia,3,0,7/3/2009
Saint Lucia,1,0,7/3/2009
Samoa,1,0,7/3/2009
Saudi Arabia,89,0,7/3/2009
Serbia,15,0,7/3/2009
Singapore,878,0,7/3/2009
Slovakia,18,0,7/3/2009
Slovenia,5,0,7/3/2009
South Africa,12,0,7/3/2009
Spain,760,1,7/3/2009
Sri Lanka,17,0,7/3/2009
Suriname,11,0,7/3/2009
Sweden,74,0,7/3/2009
Switzerland,72,0,7/3/2009
Thailand,1414,3,7/3/2009
Trinidad and Tobago,53,0,7/3/2009
Tunisia,3,0,7/3/2009
Turkey,40,0,7/3/2009
Uganda,1,0,7/3/2009
Ukraine,1,0,7/3/2009
United Arab Emirates,8,0,7/3/2009
United Kingdom,7447,3,7/3/2009
"Guernsey, Crown Dependency",5,0,7/3/2009
"Isle of Man, Crown Dependency",1,0,7/3/2009
"Jersey, Crown Dependency",11,0,7/3/2009
United States of America,33902,170,7/3/2009
Uruguay,195,1,7/3/2009
Vanuatu,2,0,7/3/2009
Venezuela,204,0,7/3/2009
Viet Nam,131,0,7/3/2009
West Bank and Gaza Strip,30,0,7/3/2009
Yemen,7,0,7/3/2009
Algeria,5,0,7/6/2009
Antigua and Barbuda,2,0,7/6/2009
Argentina,2485,60,7/6/2009
Australia,5298,10,7/6/2009
Austria,19,0,7/6/2009
Bahamas,7,0,7/6/2009
Bahrain,15,0,7/6/2009
Bangladesh,18,0,7/6/2009
Barbados,12,0,7/6/2009
Belgium,54,0,7/6/2009
"Bermuda, UKOT",1,0,7/6/2009
Bolivia,416,0,7/6/2009
Bosnia and Hezegovina,1,0,7/6/2009
Brazil,737,1,7/6/2009
"British Virgin Islands, UKOT",2,0,7/6/2009
Brunei Darussalam,124,0,7/6/2009
Bulgaria,10,0,7/6/2009
Cambodia,7,0,7/6/2009
Canada,7983,25,7/6/2009
Cap Verde,3,0,7/6/2009
"Cayman Islands, UKOT",14,0,7/6/2009
Chile,7376,14,7/6/2009
China,2040,0,7/6/2009
Colombia,118,2,7/6/2009
Cook Island,1,0,7/6/2009
Costa Rica,277,3,7/6/2009
Cote d'Ivoire,2,0,7/6/2009
Croatia,1,0,7/6/2009
Cuba,85,0,7/6/2009
Cyprus,109,0,7/6/2009
Czech Republic,15,0,7/6/2009
Denmark,66,0,7/6/2009
Dominica,1,0,7/6/2009
Dominican Republic,108,2,7/6/2009
Ecuador,204,0,7/6/2009
Egypt,78,0,7/6/2009
El Salvador,319,0,7/6/2009
Estonia,13,0,7/6/2009
Ethiopia,3,0,7/6/2009
Fiji,2,0,7/6/2009
Finland,47,0,7/6/2009
France,310,0,7/6/2009
"French Polynesia, FOC",4,0,7/6/2009
"Guadaloupe, FOC",2,0,7/6/2009
"Martinique, FOC",3,0,7/6/2009
"New Caledonia, FOC",12,0,7/6/2009
"Saint Martin, FOC",1,0,7/6/2009
Germany,505,0,7/6/2009
Greece,151,0,7/6/2009
Guatemala ,286,2,7/6/2009
Guyana,2,0,7/6/2009
Honduras,123,1,7/6/2009
Hungary,11,0,7/6/2009
Iceland,4,0,7/6/2009
India,129,0,7/6/2009
Indonesia,20,0,7/6/2009
"Iran, Islamic Republic",1,0,7/6/2009
Iraq,12,0,7/6/2009
Ireland,74,0,7/6/2009
Israel,681,0,7/6/2009
Italy,146,0,7/6/2009
Jamaica,32,0,7/6/2009
Japan,1790,0,7/6/2009
Jordan,23,0,7/6/2009
Kenya,15,0,7/6/2009
"Korea, Republic of",202,0,7/6/2009
Kuwait,35,0,7/6/2009
Laos,5,0,7/6/2009
Latvia,1,0,7/6/2009
Lebanon,49,0,7/6/2009
Libya,1,0,7/6/2009
Lithuania,3,0,7/6/2009
Luxembourg,6,0,7/6/2009
Malaysia,112,0,7/6/2009
Malta,24,0,7/6/2009
Mauritius,1,0,7/6/2009
Mexico,10262,119,7/6/2009
Montenegro,10,0,7/6/2009
Morocco,17,0,7/6/2009
Myanmar,1,0,7/6/2009
Nepal,5,0,7/6/2009
Netherlands,135,0,7/6/2009
"Netherlands, Aruba",5,0,7/6/2009
"Netherlands Antilles, Curaçao",8,0,7/6/2009
"Netherlands Antilles, Sint Maarten",7,0,7/6/2009
New Zealand,1059,3,7/6/2009
Nicaragua,321,0,7/6/2009
Norway,41,0,7/6/2009
Oman,4,0,7/6/2009
Palau,1,0,7/6/2009
Panama,417,0,7/6/2009
Papua New Guinea,1,0,7/6/2009
Paraguay,106,1,7/6/2009
Peru,916,0,7/6/2009
Philippines,1709,1,7/6/2009
Poland,25,0,7/6/2009
Portugal,42,0,7/6/2009
Qatar,23,0,7/6/2009
Romania,41,0,7/6/2009
Russia,3,0,7/6/2009
Saint Lucia,1,0,7/6/2009
Samoa,1,0,7/6/2009
Saudi Arabia,114,0,7/6/2009
Serbia,15,0,7/6/2009
Singapore,1055,0,7/6/2009
Slovakia,18,0,7/6/2009
Slovenia,14,0,7/6/2009
South Africa,18,0,7/6/2009
Spain,776,1,7/6/2009
Sri Lanka,19,0,7/6/2009
Suriname,11,0,7/6/2009
Sweden,84,0,7/6/2009
Switzerland,76,0,7/6/2009
Syria,1,0,7/6/2009
Thailand,2076,7,7/6/2009
The former Yugoslav Republic of Macedonia,2,0,7/6/2009
Trinidad and Tobago,65,0,7/6/2009
Tunisia,5,0,7/6/2009
Turkey,40,0,7/6/2009
Uganda,1,0,7/6/2009
Ukraine,1,0,7/6/2009
United Arab Emirates,8,0,7/6/2009
United Kingdom,7447,3,7/6/2009
"Guernsey, Crown Dependency",5,0,7/6/2009
"Isle of Man, Crown Dependency",1,0,7/6/2009
"Jersey, Crown Dependency",11,0,7/6/2009
United States of America,33902,170,7/6/2009
Puerto Rico,18,0,7/6/2009
Virgin Islands,1,0,7/6/2009
Uruguay,195,4,7/6/2009
Vanuatu,2,0,7/6/2009
Venezuela,206,0,7/6/2009
Viet Nam,181,0,7/6/2009
West Bank and Gaza Strip,60,0,7/6/2009
Yemen,8,0,7/6/2009